{
  "nsde_rmse": 389.95941162109375,
  "sarima_rmse": 820.7075338819817,
  "n_test": 284
}