{
  "nsde_rmse": 0.0168717410415411,
  "arima_rmse": 0.013650344733841094,
  "sarima_rmse": 0.013651378014608289,
  "n_test": 344
}