{
  "horizon_min": 30,
  "n_test": 2166,
  "lstm": {
    "mae": 13.021699104062519,
    "rmse": 18.742710555330067,
    "crps": 9.678343648292037,
    "cov80": 0.8878116343490304,
    "cov90": 0.9385964912280702,
    "cov95": 0.9593721144967683
  },
  "nsde": {
    "mae": 15.128437397992952,
    "rmse": 20.437595252143392,
    "crps": 11.602177708550915,
    "cov80": 0.9298245614035088,
    "cov90": 0.9653739612188366,
    "cov95": 0.9815327793167128
  }
}